,SNP,effect_allele.exposure,other_allele.exposure,effect_allele.outcome,other_allele.outcome,beta.exposure,beta.outcome,eaf.exposure,eaf.outcome,remove,palindromic,ambiguous,id.outcome,pos.outcome,pval.outcome,se.outcome,outcome,mr_keep.outcome,pval_origin.outcome,X,id.exposure,chr.exposure,pos.exposure,se.exposure,pval.exposure,samplesize.exposure,exposure,mr_keep.exposure,pval_origin.exposure,action,SNP_index,mr_keep,samplesize.outcome
1,rs10267710,G,T,G,T,0.00891283,-0.0497099,NA,0.624129,FALSE,FALSE,FALSE,Aorta Dissection,96111023,0.275281,0.0455644,Aorta Dissection,TRUE,reported,229654,Oily fish consumption,7,95740335,0.00152131,4.67E-09,297881,Oily fish consumption,TRUE,reported,2,1,TRUE,NA
2,rs10769847,T,C,T,C,0.00831866,-0.0501597,NA,0.514002,FALSE,FALSE,FALSE,Aorta Dissection,7901104,0.261245,0.0446478,Aorta Dissection,TRUE,reported,229489,Oily fish consumption,11,7922651,0.00147808,1.82E-08,297881,Oily fish consumption,TRUE,reported,2,1,TRUE,NA
3,rs10828258,A,G,A,G,0.0136633,0.0284692,NA,0.679983,FALSE,FALSE,FALSE,Aorta Dissection,21640805,0.549803,0.0476029,Aorta Dissection,TRUE,reported,228814,Oily fish consumption,10,21929734,0.00156596,2.66E-18,297881,Oily fish consumption,TRUE,reported,2,1,TRUE,NA
4,rs11135349,A,C,A,C,-0.00896907,0.0622696,NA,0.387348,FALSE,FALSE,FALSE,Aorta Dissection,165096466,0.17113,0.0454994,Aorta Dissection,TRUE,reported,225947,Oily fish consumption,5,164523472,0.00145779,7.63E-10,297881,Oily fish consumption,TRUE,reported,2,1,TRUE,NA
5,rs11666792,G,A,G,A,0.0109779,0.00721955,NA,0.567561,FALSE,FALSE,FALSE,Aorta Dissection,48723786,0.871585,0.0446628,Aorta Dissection,TRUE,reported,230851,Oily fish consumption,19,49227043,0.00146378,6.40E-14,297881,Oily fish consumption,TRUE,reported,2,1,TRUE,NA
6,rs11767283,A,G,A,G,-0.0123486,-0.0279821,NA,0.714486,FALSE,FALSE,FALSE,Aorta Dissection,122307402,0.571942,0.0495089,Aorta Dissection,TRUE,reported,232285,Oily fish consumption,7,121947456,0.00176371,2.53E-12,297881,Oily fish consumption,TRUE,reported,2,1,TRUE,NA
7,rs11859365,A,C,A,C,-0.0161438,0.0332428,NA,0.684094,FALSE,FALSE,FALSE,Aorta Dissection,83650340,0.486216,0.0477394,Aorta Dissection,TRUE,reported,225020,Oily fish consumption,16,83683945,0.00167026,4.23E-22,297881,Oily fish consumption,TRUE,reported,2,1,TRUE,NA
8,rs11993089,G,T,G,T,-0.00986814,0.0947404,NA,0.486685,FALSE,FALSE,FALSE,Aorta Dissection,10152442,0.0334072,0.0445385,Aorta Dissection,TRUE,reported,219121,Oily fish consumption,8,10009952,0.00148263,2.82E-11,297881,Oily fish consumption,TRUE,reported,2,1,TRUE,NA
9,rs12190086,T,C,T,C,-0.0106896,-0.000417865,NA,0.75052,FALSE,FALSE,FALSE,Aorta Dissection,155551841,0.993475,0.051099,Aorta Dissection,TRUE,reported,225048,Oily fish consumption,6,155872975,0.00190516,2.01E-08,297881,Oily fish consumption,TRUE,reported,2,1,TRUE,NA
10,rs12456049,A,G,A,G,0.00918145,-0.0299852,NA,0.608503,FALSE,FALSE,FALSE,Aorta Dissection,55759211,0.507417,0.0452358,Aorta Dissection,TRUE,reported,233947,Oily fish consumption,18,53426442,0.00146582,3.76E-10,297881,Oily fish consumption,TRUE,reported,2,1,TRUE,NA
11,rs1421085,T,C,T,C,-0.0127651,0.0427776,NA,0.582067,FALSE,FALSE,FALSE,Aorta Dissection,53767042,0.338223,0.0446678,Aorta Dissection,TRUE,reported,219624,Oily fish consumption,16,53800954,0.00148336,7.60E-18,297881,Oily fish consumption,TRUE,reported,2,1,TRUE,NA
12,rs144696853,A,G,A,G,0.0121834,-0.0175377,NA,0.9033355,FALSE,FALSE,FALSE,Aorta Dissection,36995240,0.814132,0.0745968,Aorta Dissection,TRUE,reported,226623,Oily fish consumption,19,37486142,0.00214805,1.41E-08,297881,Oily fish consumption,TRUE,reported,2,1,TRUE,NA
13,rs16959955,T,C,T,C,-0.0110427,-0.0649823,NA,0.708011,FALSE,FALSE,FALSE,Aorta Dissection,47710503,0.183066,0.0488085,Aorta Dissection,TRUE,reported,228254,Oily fish consumption,15,48002700,0.00175128,2.87E-10,297881,Oily fish consumption,TRUE,reported,2,1,TRUE,NA
14,rs17050031,C,T,C,T,0.00883648,-0.0243975,NA,0.561688,FALSE,FALSE,FALSE,Aorta Dissection,59260884,0.585492,0.0447349,Aorta Dissection,TRUE,reported,231978,Oily fish consumption,2,59488019,0.00146083,1.46E-09,297881,Oily fish consumption,TRUE,reported,2,1,TRUE,NA
15,rs1876245,T,C,T,C,-0.00946663,-0.0154529,NA,0.60386,FALSE,FALSE,FALSE,Aorta Dissection,71485612,0.73257,0.0452223,Aorta Dissection,TRUE,reported,222723,Oily fish consumption,3,71534763,0.00146866,1.15E-10,297881,Oily fish consumption,TRUE,reported,2,1,TRUE,NA
16,rs1910038,C,A,C,A,0.0084021,0.0252975,NA,0.611592,FALSE,FALSE,FALSE,Aorta Dissection,117588987,0.577406,0.045403,Aorta Dissection,TRUE,reported,219118,Oily fish consumption,3,117307834,0.00147097,1.12E-08,297881,Oily fish consumption,TRUE,reported,2,1,TRUE,NA
17,rs1941951,T,C,T,C,0.0105725,0.0439461,NA,0.803081,FALSE,FALSE,FALSE,Aorta Dissection,37548300,0.428426,0.0554954,Aorta Dissection,TRUE,reported,228721,Oily fish consumption,18,35128263,0.00178487,3.15E-09,297881,Oily fish consumption,TRUE,reported,2,1,TRUE,NA
18,rs1951286,T,G,T,G,0.0114399,-0.0155575,NA,0.354786,FALSE,FALSE,FALSE,Aorta Dissection,29296806,0.735455,0.0460445,Aorta Dissection,TRUE,reported,219466,Oily fish consumption,14,29766012,0.00152039,5.30E-14,297881,Oily fish consumption,TRUE,reported,2,1,TRUE,NA
19,rs2315507,G,A,G,A,-0.00907861,0.101736,NA,0.274635,FALSE,FALSE,FALSE,Aorta Dissection,14972568,0.0402411,0.0495967,Aorta Dissection,TRUE,reported,230307,Oily fish consumption,4,14974192,0.00153136,3.06E-09,297881,Oily fish consumption,TRUE,reported,2,1,TRUE,NA
20,rs2413045,A,G,A,G,0.0126128,-0.0671448,NA,0.137521,FALSE,FALSE,FALSE,Aorta Dissection,31269876,0.296573,0.0643265,Aorta Dissection,TRUE,reported,216696,Oily fish consumption,22,31665862,0.00181851,4.04E-12,297881,Oily fish consumption,TRUE,reported,2,1,TRUE,NA
21,rs2431529,A,G,A,G,-0.00857369,-0.0417882,NA,0.617004,FALSE,FALSE,FALSE,Aorta Dissection,102789860,0.36001,0.0456529,Aorta Dissection,TRUE,reported,229697,Oily fish consumption,5,102125564,0.00151026,1.37E-08,297881,Oily fish consumption,TRUE,reported,2,1,TRUE,NA
22,rs2572973,G,T,G,T,0.0145809,-0.0297086,NA,0.9108922,FALSE,FALSE,FALSE,Aorta Dissection,92915505,0.702817,0.0778688,Aorta Dissection,TRUE,reported,224231,Oily fish consumption,13,93567758,0.00249445,5.06E-09,297881,Oily fish consumption,TRUE,reported,2,1,TRUE,NA
23,rs2806723,A,G,A,G,0.0114025,-0.123014,NA,0.84895,FALSE,FALSE,FALSE,Aorta Dissection,53692302,0.0478145,0.0621592,Aorta Dissection,TRUE,reported,222272,Oily fish consumption,13,54266437,0.0020129,1.47E-08,297881,Oily fish consumption,TRUE,reported,2,1,TRUE,NA
24,rs35287743,G,T,G,T,0.0176117,-0.0551298,NA,0.9092128,FALSE,FALSE,FALSE,Aorta Dissection,109619445,0.477386,0.0775915,Aorta Dissection,TRUE,reported,230338,Oily fish consumption,12,110057250,0.00229615,1.72E-14,297881,Oily fish consumption,TRUE,reported,2,1,TRUE,NA
25,rs35522344,C,T,C,T,0.0083112,-0.0300831,NA,0.655955,FALSE,FALSE,FALSE,Aorta Dissection,99817519,0.518728,0.0466183,Aorta Dissection,TRUE,reported,218575,Oily fish consumption,14,100283856,0.0014994,2.97E-08,297881,Oily fish consumption,TRUE,reported,2,1,TRUE,NA
26,rs45501495,C,T,C,T,-0.0101815,0.0694626,NA,0.741559,FALSE,FALSE,FALSE,Aorta Dissection,204627326,0.169905,0.05061,Aorta Dissection,TRUE,reported,225592,Oily fish consumption,1,204596454,0.00171421,2.86E-09,297881,Oily fish consumption,TRUE,reported,2,1,TRUE,NA
27,rs4692105,T,C,T,C,0.00835873,2.01E-05,NA,0.591491,FALSE,FALSE,FALSE,Aorta Dissection,30827159,0.999644,0.0450436,Aorta Dissection,TRUE,reported,226134,Oily fish consumption,4,30828781,0.0014959,2.30E-08,297881,Oily fish consumption,TRUE,reported,2,1,TRUE,NA
28,rs4885853,G,T,G,T,0.0165641,-0.0981365,NA,0.232407,FALSE,FALSE,FALSE,Aorta Dissection,55415648,0.0604798,0.0522759,Aorta Dissection,TRUE,reported,233890,Oily fish consumption,13,55989783,0.00164105,5.90E-24,297881,Oily fish consumption,TRUE,reported,2,1,TRUE,NA
29,rs552234,G,A,G,A,0.00928024,-0.00662121,NA,0.51613,FALSE,FALSE,FALSE,Aorta Dissection,104010002,0.881065,0.0442537,Aorta Dissection,TRUE,reported,223488,Oily fish consumption,9,106772283,0.00145621,1.86E-10,297881,Oily fish consumption,TRUE,reported,2,1,TRUE,NA
30,rs567040,C,T,C,T,0.0094172,0.106376,NA,0.261655,FALSE,FALSE,FALSE,Aorta Dissection,111589954,0.0347264,0.0503787,Aorta Dissection,TRUE,reported,217806,Oily fish consumption,11,111460678,0.00158814,3.03E-09,297881,Oily fish consumption,TRUE,reported,2,1,TRUE,NA
31,rs58564520,T,C,T,C,0.00827892,-0.0288341,NA,0.607459,FALSE,FALSE,FALSE,Aorta Dissection,40601316,0.524234,0.0452774,Aorta Dissection,TRUE,reported,226954,Oily fish consumption,18,38181280,0.00151236,4.40E-08,297881,Oily fish consumption,TRUE,reported,2,1,TRUE,NA
32,rs61978713,A,G,A,G,0.00879247,-0.0170778,NA,0.775062,FALSE,FALSE,FALSE,Aorta Dissection,98420247,0.747193,0.0529804,Aorta Dissection,TRUE,reported,232018,Oily fish consumption,14,98886584,0.0016079,4.54E-08,297881,Oily fish consumption,TRUE,reported,2,1,TRUE,NA
33,rs66488313,G,T,G,T,0.0201851,-0.105181,NA,0.9514245,FALSE,FALSE,FALSE,Aorta Dissection,26631340,0.303621,0.102246,Aorta Dissection,TRUE,reported,231309,Oily fish consumption,6,26631568,0.00232885,4.42E-18,297881,Oily fish consumption,TRUE,reported,2,1,TRUE,NA
34,rs6807666,A,C,A,C,0.00934968,-0.0815181,NA,0.272726,FALSE,FALSE,FALSE,Aorta Dissection,85545278,0.099954,0.0495529,Aorta Dissection,TRUE,reported,217644,Oily fish consumption,3,85594428,0.00152079,7.85E-10,297881,Oily fish consumption,TRUE,reported,2,1,TRUE,NA
35,rs6808550,A,G,A,G,-0.00967127,0.076475,NA,0.482903,FALSE,FALSE,FALSE,Aorta Dissection,25066375,0.0848848,0.0443843,Aorta Dissection,TRUE,reported,228833,Oily fish consumption,3,25107866,0.00147381,5.31E-11,297881,Oily fish consumption,TRUE,reported,2,1,TRUE,NA
36,rs790564,A,C,A,C,-0.0110247,-0.0248454,NA,0.240929,FALSE,FALSE,FALSE,Aorta Dissection,63691660,0.631226,0.051761,Aorta Dissection,TRUE,reported,221128,Oily fish consumption,8,64604218,0.0016347,1.54E-11,297881,Oily fish consumption,TRUE,reported,2,1,TRUE,NA
37,rs79172804,G,A,G,A,0.0122996,-0.0491697,NA,0.92604,FALSE,FALSE,FALSE,Aorta Dissection,45751398,0.560907,0.0845576,Aorta Dissection,TRUE,reported,217208,Oily fish consumption,17,43828764,0.00188134,6.25E-11,297881,Oily fish consumption,TRUE,reported,2,1,TRUE,NA
38,rs7924937,C,T,C,T,-0.00883647,-0.0141598,NA,0.621713,FALSE,FALSE,FALSE,Aorta Dissection,126729352,0.756356,0.0456372,Aorta Dissection,TRUE,reported,231734,Oily fish consumption,11,126599247,0.00152616,7.04E-09,297881,Oily fish consumption,TRUE,reported,2,1,TRUE,NA
39,rs7970853,G,A,G,A,0.00935241,0.0914165,NA,0.233649,FALSE,FALSE,FALSE,Aorta Dissection,22931291,0.0816601,0.0525041,Aorta Dissection,TRUE,reported,231904,Oily fish consumption,12,23084225,0.00169676,3.55E-08,297881,Oily fish consumption,TRUE,reported,2,1,TRUE,NA
40,rs837309,C,T,C,T,0.00896999,-0.0153759,NA,0.461774,FALSE,FALSE,FALSE,Aorta Dissection,100550494,0.728447,0.0442865,Aorta Dissection,TRUE,reported,231209,Oily fish consumption,13,101202748,0.00145339,6.75E-10,297881,Oily fish consumption,TRUE,reported,2,1,TRUE,NA
41,rs9823383,T,C,T,C,-0.00956816,0.0844872,NA,0.501323,FALSE,FALSE,FALSE,Aorta Dissection,167453305,0.0561888,0.0442442,Aorta Dissection,TRUE,reported,219361,Oily fish consumption,3,167171093,0.00150015,1.79E-10,297881,Oily fish consumption,TRUE,reported,2,1,TRUE,NA
