,SNP,effect_allele.exposure,other_allele.exposure,effect_allele.outcome,other_allele.outcome,beta.exposure,beta.outcome,eaf.exposure,eaf.outcome,remove,palindromic,ambiguous,id.outcome,pos.outcome,pval.outcome,se.outcome,outcome,mr_keep.outcome,pval_origin.outcome,X,id.exposure,chr.exposure,pos.exposure,se.exposure,pval.exposure,samplesize.exposure,exposure,mr_keep.exposure,pval_origin.exposure,data_source.exposure,action,SNP_index,mr_keep,samplesize.outcome
1,rs1011939,G,A,G,A,0.00590661,-0.0251189,NA,0.347226,FALSE,FALSE,FALSE,Aortic Aneurysm,19981674,0.126137,0.0164228,Aortic Aneurysm,TRUE,reported,284018,Salad consumption,16,19992996,0.00104343,1.51E-08,422542,Salad consumption,TRUE,reported,MedicineITLab,2,1,TRUE,NA
2,rs10819082,G,A,G,A,0.00664015,0.0107956,NA,0.207834,FALSE,FALSE,FALSE,Aortic Aneurysm,125883338,0.572422,0.0191247,Aortic Aneurysm,TRUE,reported,276461,Salad consumption,9,128645617,0.000992009,2.18E-11,422542,Salad consumption,TRUE,reported,MedicineITLab,2,1,TRUE,NA
3,rs11209780,G,A,G,A,0.00658775,-0.0242911,NA,0.766311,FALSE,FALSE,FALSE,Aortic Aneurysm,71410969,0.1885,0.0184719,Aortic Aneurysm,TRUE,reported,280756,Salad consumption,1,71876652,0.00114453,8.62E-09,422542,Salad consumption,TRUE,reported,MedicineITLab,2,1,TRUE,NA
4,rs11574639,G,A,G,A,-0.0055066,0.0356198,NA,0.398042,FALSE,FALSE,FALSE,Aortic Aneurysm,31360760,0.0258756,0.0159868,Aortic Aneurysm,TRUE,reported,282387,Salad consumption,16,31372081,0.00100791,4.67E-08,422542,Salad consumption,TRUE,reported,MedicineITLab,2,1,TRUE,NA
5,rs11608727,T,G,T,G,0.00737606,-0.0308588,NA,0.868111,FALSE,FALSE,FALSE,Aortic Aneurysm,109623179,0.181679,0.0231048,Aortic Aneurysm,TRUE,reported,276093,Salad consumption,12,110060984,0.00118104,4.23E-10,422542,Salad consumption,TRUE,reported,MedicineITLab,2,1,TRUE,NA
6,rs11746380,T,C,T,C,-0.0054632,0.00529377,NA,0.615296,FALSE,FALSE,FALSE,Aortic Aneurysm,138400702,0.740287,0.0159704,Aortic Aneurysm,TRUE,reported,281449,Salad consumption,5,137736391,0.000970207,1.79E-08,422542,Salad consumption,TRUE,reported,MedicineITLab,2,1,TRUE,NA
7,rs12629972,T,C,T,C,-0.00771617,-0.0199985,NA,0.375513,FALSE,FALSE,FALSE,Aortic Aneurysm,25079953,0.21522,0.0161364,Aortic Aneurysm,TRUE,reported,284014,Salad consumption,3,25121444,0.000950968,4.90E-16,422542,Salad consumption,TRUE,reported,MedicineITLab,2,1,TRUE,NA
8,rs1437761,T,C,T,C,0.00614751,0.0202977,NA,0.839641,FALSE,FALSE,FALSE,Aortic Aneurysm,96467468,0.337892,0.02118,Aortic Aneurysm,TRUE,reported,280684,Salad consumption,15,97010698,0.0010817,1.32E-08,422542,Salad consumption,TRUE,reported,MedicineITLab,2,1,TRUE,NA
9,rs1520919,G,A,G,A,0.00776124,-0.0202842,NA,0.743547,FALSE,FALSE,FALSE,Aortic Aneurysm,63784049,0.255324,0.0178321,Aortic Aneurysm,TRUE,reported,279813,Salad consumption,8,64696606,0.00102093,2.91E-14,422542,Salad consumption,TRUE,reported,MedicineITLab,2,1,TRUE,NA
10,rs1828022,C,T,C,T,-0.00512382,0.0319158,NA,0.517173,FALSE,FALSE,FALSE,Aortic Aneurysm,62874815,0.0404893,0.0155784,Aortic Aneurysm,TRUE,reported,275195,Salad consumption,4,63740533,0.000937087,4.56E-08,422542,Salad consumption,TRUE,reported,MedicineITLab,2,1,TRUE,NA
11,rs56367474,C,T,C,T,0.0057908,-0.019423,NA,0.672376,FALSE,FALSE,FALSE,Aortic Aneurysm,58880005,0.242645,0.0166236,Aortic Aneurysm,TRUE,reported,284886,Salad consumption,13,59454139,0.00100862,9.39E-09,422542,Salad consumption,TRUE,reported,MedicineITLab,2,1,TRUE,NA
12,rs61954780,C,T,C,T,0.00676324,0.00486338,NA,0.786849,FALSE,FALSE,FALSE,Aortic Aneurysm,54367705,0.79925,0.0191232,Aortic Aneurysm,TRUE,reported,281858,Salad consumption,13,54941840,0.00120616,2.06E-08,422542,Salad consumption,TRUE,reported,MedicineITLab,2,1,TRUE,NA
13,rs6452792,G,A,G,A,-0.00528056,0.00814183,NA,0.516422,FALSE,FALSE,FALSE,Aortic Aneurysm,88497027,0.601747,0.0156007,Aortic Aneurysm,TRUE,reported,279122,Salad consumption,5,87792844,0.000944332,2.25E-08,422542,Salad consumption,TRUE,reported,MedicineITLab,2,1,TRUE,NA
14,rs6482190,A,G,A,G,-0.00843706,-0.00545869,NA,0.21101,FALSE,FALSE,FALSE,Aortic Aneurysm,21748880,0.775234,0.0191174,Aortic Aneurysm,TRUE,reported,278253,Salad consumption,10,22037809,0.00104466,6.67E-16,422542,Salad consumption,TRUE,reported,MedicineITLab,2,1,TRUE,NA
15,rs6664419,G,A,G,A,0.00624315,-0.0214218,NA,0.558264,FALSE,FALSE,FALSE,Aortic Aneurysm,153788466,0.174833,0.015788,Aortic Aneurysm,TRUE,reported,276481,Salad consumption,1,153760942,0.000948673,4.68E-11,422542,Salad consumption,TRUE,reported,MedicineITLab,2,1,TRUE,NA
16,rs6958768,A,C,A,C,0.00729325,0.00844784,NA,0.9050425,FALSE,FALSE,FALSE,Aortic Aneurysm,78144376,0.749623,0.0264709,Aortic Aneurysm,TRUE,reported,276961,Salad consumption,7,77773693,0.00126227,7.56E-09,422542,Salad consumption,TRUE,reported,MedicineITLab,2,1,TRUE,NA
17,rs6978572,T,C,T,C,-0.00578259,0.0330859,NA,0.688194,FALSE,FALSE,FALSE,Aortic Aneurysm,35170460,0.0506372,0.0169277,Aortic Aneurysm,TRUE,reported,282137,Salad consumption,7,35210072,0.00100451,8.58E-09,422542,Salad consumption,TRUE,reported,MedicineITLab,2,1,TRUE,NA
18,rs75248709,C,T,C,T,0.0125833,-0.0195792,NA,0.9471473,FALSE,FALSE,FALSE,Aortic Aneurysm,91639227,0.578324,0.0352248,Aortic Aneurysm,TRUE,reported,280550,Salad consumption,6,92348945,0.00230159,4.57E-08,422542,Salad consumption,TRUE,reported,MedicineITLab,2,1,TRUE,NA
19,rs7774567,A,G,A,G,-0.0095921,-0.0644519,NA,0.038395,FALSE,FALSE,FALSE,Aortic Aneurysm,25425298,0.107769,0.0400745,Aortic Aneurysm,TRUE,reported,283287,Salad consumption,6,25425526,0.00165381,6.63E-09,422542,Salad consumption,TRUE,reported,MedicineITLab,2,1,TRUE,NA
20,rs9323534,C,T,C,T,0.00543042,-0.0107392,NA,0.589937,FALSE,FALSE,FALSE,Aortic Aneurysm,20118273,0.49701,0.0158115,Aortic Aneurysm,TRUE,reported,283452,Salad consumption,14,20586432,0.00094291,8.45E-09,422542,Salad consumption,TRUE,reported,MedicineITLab,2,1,TRUE,NA
21,rs9829032,A,G,A,G,-0.00567559,-0.00367046,NA,0.658031,FALSE,FALSE,FALSE,Aortic Aneurysm,85634450,0.823477,0.0164539,Aortic Aneurysm,TRUE,reported,284024,Salad consumption,3,85683600,0.000956316,2.94E-09,422542,Salad consumption,TRUE,reported,MedicineITLab,2,1,TRUE,NA
22,rs9956350,G,A,G,A,0.00509591,-0.0345383,NA,0.495434,FALSE,FALSE,FALSE,Aortic Aneurysm,40527204,0.0266079,0.0155773,Aortic Aneurysm,TRUE,reported,282805,Salad consumption,18,38107168,0.000934363,4.93E-08,422542,Salad consumption,TRUE,reported,MedicineITLab,2,1,TRUE,NA
